#8031,Nodejs,container,cannot,connect,to,PostgreSQL,within,the,docker-compose,cluster,kind/bug
#8027,Error,while,creating,mount,source,path,,file,exists,error,when,using,WSL,2,kind/bug
#8026,Better,message,when,Docker,for,Windows,isn't,running,kind/feature
#8024,docker-compose,"up",works,but,"run",fails,kind/bug
#8021,Background,container,output,freezes,in,docker-compos
#8019,dns_search,with,an,empty,string,used,to,work,,now,fails,kind/bug
#8018,Problem,with,requirements.txt,caching,when,git,repos,are,referenced,kind/bug
#8017,mount,volume,error,on,Windows,10,kind/bug
#8020,[3188],Failed,to,execute,script,docker-compos
#8016,docker-compose,1.27.4,silent,ignore,"configs",kind/bug
#8015,Add,build:cli_args,to,spec,to,remove,strict,coupling,with,CLI,builds,kind/feature
#8013,Default,network,unexpected,behaviour,kind/bug
#8012,docker-compose,up,--build,,,The,connection,was,reset,(firefox),,curl:,(52),Empty,reply,from,server,(curl)?,kind/bug
#8011,Integrate,compose,into,docker,repositories,kind/feature
#8010,10,seconds,to,apply,restart,policy,not,working,kind/bug
#8006,Python,module,dependencies,break,future,docker,compose,kind/bug
#8004,ERROR:,Invalid,interpolation,format,for,"environment
#8003,--await,for,healthcheck,kind/feature
#8002,Volume,ownership,on,creation,inconsistent,between,docker,and,docker-compose,kind/bug
#7998,Problem,with,"--name",in,docker-compose,ru
#7993,Adding,support,for,docker-compose.<context,name>.override.yml,and,<context,name>.override.env,kind/feature
#7992,DNS,may,not,work,if,network_mode,is,not,set,in,the,config,kind/bug
#7991,Sticky,session,in,docker,swarm,kind/feature
#7976,Extends,not,working,properly,for,multiple,compose,files,kind/bug
#7973,Invalid,missing,a,healthcheck,configuration,error,kind/bug
#7972,The,deployment,of,this,job,to,staging,did,not,succeed.,kind/question
#7967,While,following,logs,,allow,for,a,keystroke,to,stop,following,without,needing,a,Ctrl-C,kind/feature
#7966,Document,passing,project,from,stdin,kind/feature
#7964,Compose,config,with,--no-interpolate,fails,as,it,tries,to,validate,environment,variables,as,ports,kind/bug
#7963,commands,within,docker-compose,block,don't,work,with,docker,machine,kind/bug
#7958,About,networks,on,compose',ipam,config,kind/question
#7957,Node,logs,says,can't,find,Password,and,keeps,retrying,every,15,sec.,kind/bug
#7955,Environment,variables,with,blank,values,are,omitted,kind/bug
#7954,the,docker-compose,arm,based,releases,are,missing,kind/feature
#7948,String,interpolation,with,`-e,X=Y`,kind/bug
#7947,Can't,kill,process,kind/bug
#7945,Apple,Silicon,builds,kind/feature
#7942,How,to,run,some,commands/scripts,when,stopping,docker-compose,kind/feature
#7941,QinQ,support,kind/feature
#7936,Scope,limit,secrets.,Allow,some,secrets,to,be,available,on,build,time,kind/feature
#7934,Intermittent,compose,command,failures,with,compose,cli,1.0.2,kind/bug
#7933,"The,image,for,the,service,you're,trying,to,recreate,has,been,removed
#7932,Docker-compose,log,streaming,crash,when,containers,stops,or,restarts,kind/bug
#7925,Ports,Published,Dynamically,via,Range,or,{{.Task.Slot}},kind/feature
#7924,docker,login,fails,on,different,containers,kind/bug
#7923,Cross-container,file,truncation,when,using,nested,bind,mounts,kind/bug
#7922,docker-compose,build,fails,in,rootless,environment,kind/bug
#7920,Wrong,image,name,breaks,docker-compose,build,kind/bug
#7918,docker-compose,config,breaks,when,not,interpolating,environment,variables,kind/bug
#7916,Extend,service,with,`depends_on`,should,work,kind/feature
#7915,compose,raises,exception,when,it,can't,connect,to,docker,socket,kind/bug
#7914,Composition,as,an,operating,hub,kind/feature
#7913,Failed,to,run,a,self-build,docker,container,using,docker-compose?,kind/question
#7912,docker-compose,running,inside,a,container,on,Fedora,CoreOS,cannot,access,filesystem,or,docker,socket,kind/bug
#7911,Networking,During,Build,Time?,kind/question
#7910,Fails,to,build,at,network,location,kind/bug
#7909,Docker-compose,crash,if,service,mount,device,with,colon,in,path,kind/bug
#7908,Cannot,override,the,specified,file,on,volumes,kind/question
#7905,docker-compose,build,and,docker,build,lead,to,different,IDs,kind/bug
#7904,Cannot,start,service,redis:,OCI,runtime,create,failed:,container_linux.go:349:,starting,container,process,caused,"process_linux.go:449:,container,init,caused,\"sethostname:,invalid,argument\,kind/question
#7903,using,.env,file,gives,python-dotenv,error,kind/bug
#7900,Windows,Client,,Linux,Server,,relative,volume,path,regression,kind/bug
#7899,docker-compose,is,unstable,using,Docker,Desktop,and,WSL2,kind/bug
#7898,The,differents,among,the,requirements,the,requirements*.txt.,kind/question
#7896,Errors,running,up,kind/bug
#7894,/etc/hosts,not,updated,on,restart,kind/bug
#7893,Docker,compose,version,1.27.3,changed,docker-compose,config,behavior,kind/bug
#7892,Document/implement,support,for,cache-to,and,cache-from,parameters,for,docker,buildx,build,kind/feature
#7901,Unnecessary,warning,that,flag,'--parallel',is,ignored,when,building,with,COMPOSE_DOCKER_CLI_BUILD=1
#7891,Docs,on,docker/compose,at,Docker,Hub,is,not,up-to-date,kind/feature
#7886,What,happened,with,docker-compose,bundle,cli,command,?!,kind/bug
#7885,docker-compose,down,don't,remove,volumes,kind/bug
#7884,Nested,env,var,expansion,doesn't,work,kind/bug
#7883,Cannot,start,service,web:,error,while,creating,mount,source,path,kind/bug
#7881,run,command,could,converge,dependencies,kind/feature
#7880,EHOSTUNREACH,in,production,when,I,can,ping,host,and,it,works,on,dev,machine,kind/bug
#7878,Forward,mount,option
#7873,The,context,path,of,build,section,is,required,although,building,isn't,needed,kind/bug
#7870,docker-compose,up,with,multiple,file,does,not,include,all,container,as,servic
#7867,Local,volumes,fail,on,up.,kind/bug
#7861,Environment,variable,VIRTUAL_ENV,not,passed,to,container,kind/bug
#7860,build,context,bug:,folder,name,conflicts,kind/bug
#7859,Add,an,option,to,config:,entries,to,name,the,config,by,content,hash,kind/feature
#7858,node_module's,content,is,hidden,on,Ubuntu,kind/bug
#7857,existence,of,secret,files,are,checked,locally,instead,of,remotely,when,using,remote,docker,daemon,with,DOCKER_HOST,kind/bug
#7856,Between,1.27.0,and,1.27.4,the,handling,of,volume,config,option,"device",has,changed,kind/bug
#7854,Bind,mount,never,find,host,files,or,directories,in,Ubuntu,20.04,LTS,kind/bug
#7853,Please,expose,current,user,and,group,ID,as,new,variables,for,use,inside,docker-compose.yml,kind/feature
#7848,Inconsistent,value,of,$PWD,variable,kind/bug
#7847,Multiple,--env-file?,kind/feature
#7849,docker.errors.DockerException:,Credentials,store,error:,StoreError('Unexpected,OS,error,"Access,is,denied",,errno=13'
#7842,stacktrace,using,buildkit,kind/bug
#7841,try,pull,first,kind/feature
#7839,Breaking,Changes:,Internal/External,Secrets,and,Name/Label,Problems,with,External,Secrets,kind/bug
#7838,Compose,treats,file,as,directory,when,using,a,remote,docker,daemon,kind/bug
#7834,docker-compose,cannot,mount,secret
#7832,Environment,variable,validation,not,handling,ambiguous,duplicate,entries,(array,style),kind/bug
#7831,Cannot,set,empty,file,attribute,on,external,secret,in,1.27.x,kind/bug
#7794,Support,nested,parameter,expansion,kind/feature
#7793,Apparent,errors,in,docker-compose,JSON,Schema,kind/bug
#7791,Mounting,is,failing,with,wsl2,kind/question
#7789,ANSI,support,for,when,no-tty,option,is,used,(-t),kind/feature
#7788,logs,of,docker-compose,up,not,real,time,kind/bug
#7785,s390x,support,for,docker-compose,kind/feature
#7780,JSON,Schema,draft,2019-09,requires,`$id`,to,be,an,absolute,UR
#7777,`docker-compose`,unexpectly,ran,docker-credential-glcoud,kind/question
#7776,Add,command,line,option,to,disable,connection,to,stdin,kind/bug
#7775,Multiple,docker-compose,file,with,different,context,path,kind/bug
#7774,cpus,value,type,in,output,of,config,command,is,not,consistent,in,version,1.27.3,kind/bug
#7773,docker-compose,1.27.3,config,depends_on,breaks,stack,deploy,kind/bug
#7771,`config`,output,strips,quote,marks,and,loses,version,number,kind/bug
#7770,'deploy:,replicas:',behaving,differently,after,update,to,2.3.0.
#7763,Passed,through,environment,variables,have,newlines,stripped,kind/bug
#7760,docker-compose,on,raspberry,blocks,vnc,kind/bug
#7759,`docker-compose,stop`,doesn't,stop,things,kind/bug
#7757,Remove,detached,containers,with,`run,--rm,-d`,kind/feature
#7750,compose,up,via,SSH,fails,with,ERROR:,Secsh,channel,21,open,FAILED:,open,failed:,Connect,failed,kind/bug
#7743,Adding,the,service,name,to,build,--parallel,kind/feature
#7723,docker-compose,up,-d,--force-recreate,should,also,create,brand,new,containers,kind/feature
#7719,Docker-compose,created,container,cannot,access,Internet,kind/question
#7709,Reopen,Issue,6336,kind/bug
#7707,Windows-build,stuck,on,OpenSSL,1.1.1c,(28.May,2019),kind/bug
#7702,Error,when,using,a,remote,ssh,context,running,under,Ubuntu,kind/bug
#7701,Suppress,or,hide,Docker,“Steps”,and,other,default,outputs,in,the,console,kind/feature
#7697,Docker-compose,+,Qnap,storage,kind/question
#7693,Fix,path,resolution,between,multiple,projects,in,docker-compos
#7691,`docker-compose,--compatibility,config`,should,not,force,output,to,version,2.3,kind/bug
#7690,Docker,Compose,vs,Kaspersky,kind/bug
#7688,docker-compose,-f,docker-compose.yml.dev,-H,ssh://user@ip,uses,wrong,file,/,gets,cached,kind/bug
#7687,Not,able,to,install,docker-compose,on,redhat,7,of,ppc64le,arch,type.,kind/bug
#7686,OpenSSL,version,mismatch.,Built,against,1010106f,,you,have,101000cf,kind/bug
#7685,docker-compose,exec,fails,with,No,such,container,when,using,contexts,kind/bug
#7675,[SSL:,CERTIFICATE_VERIFY_FAILED],certificate,verify,failed:,self,signed,certificate,when,using,docker,compose,with,DOCKER_HOST,kind/bug
#7674,`docker-compose,up,--no-build`,should,not,require,the,existence,of,the,build,context,directories,kind/feature
#7672,Logging,docker,commands,generated,from,compose,files,kind/feature
#7669,Add,docker-compose,tag,<service>,<tag>,and,allow,to,push,a,specific,tag,by,using,push,command,kind/feature
#7668,docker-compose,sature,tmp,folder,kind/bug
#7667,docker-compose,never,runs,on,Mac,Catalina,kind/bug
#7652,unable,to,trap,signal,when,containers,are,shut,down,with,--abort-on-container-exit,kind/bug
#7650,networkd-dispatcher[528]:,ERROR:Unknown,interface,index,83,seen,even,after,reload,kind/bug
#7649,using,multiple,compose,files,in,different,directories,leads,to,undefined,behavior,kind/bug
#7648,disable,env,variable,substitution,in,docker,compose,env,files,kind/feature
#7647,updating,drupal,from,8.7,to,8.9,results,in,drush,installation,issue.,kind/question
#7646,Bug:,docker-compose,context,kind/bug
#7645,[BUG],Overriding,of,the,'ports',directive,doesn't,working,when,original,port,already,in,use,kind/bug
#7642,Check,engine,API,and,warn,user,for,feature,that,can't,be,implemented,kind/feature
#7638,DNS,entries,are,not,working,inside,the,containers,kind/bug
#7637,Why,does,docker,write,rules,to,iptables,repeatedly,kind/question
#7636,Embed,config,in,docker-compose.yaml,file,kind/feature
#7632,docker-compose,cant,mount,a,source,volume,thats,an,encfs,volume,kind/bug
#7631,docker-compose,Import,Error,cannot,import,name,'ImageNotFound',from,'docker.errors',kind/bug
#7630,Connection,broken:,IncompleteRead,kind/bug
#7627,Docker-Compose,Ignores,Exposed,TCP/UDP,on,same,Port,kind/bug
#7626,able,to,use,secrets,without,swarm,kind/bug
#7625,Cannot,kill,container,kind/bug
#7624,Env,files,require,strict,whitespace,kind/bug
#7623,Error:,Encountered,errors,while,bringing,up,the,project
#7622,docker-compose,stopped,responding,to,SIGINT,and,SIGTSTP,kind/bug
#7619,Restart,policy,doesn't,wait,10,seconds,kind/bug
#7618,Allow,overwriting,the,service,names,in,the,compose,file,kind/feature
#7617,Can't,assign,compose,file,version,from,environment,variable,kind/bug
#7616,Wait,or,retry,starting,a,container,waiting,for,NFS,volume,to,be,mounted,kind/feature
#7613,[Feature],Add,flag,to,stop,all,dependent,containers,when,using,`run`,kind/feature
#7612,docker-compose,v1.24.5,adding,a,new,line,to,a,private,key,environment,variable,kind/bug
#7611,Docker,restarting,Host,instead,of,container,service,kind/bug
#7610,[Feature],Reference,external,file,URL,for,docker,config,creation,kind/feature
#7608,docker-compose,down,is,too,slow,if,a,service,uses,a,custom,logging,driver,kind/bug
#7605,docker-compose,up,--scale,rescales,not,specified,service,kind/bug
#7601,docker-compose,.env,variable,substitution,doesn't,ignore,single,quotes,kind/bug
#7600,(docker-compose),Unexpected,resolution,of,.env,file,kind/bug,stale
#7599,bug:,network,status,not,update,correctly,kind/bug,stale
#7597,How,to,create,a,volume,that,is,read,only,for,the,host,but,read/write,for,the,container?,kind/question,stale
#7596,How,to,change,default,IP,range,on,windows,?,kind/question
#7595,Fish,completion,kind/feature
#7594,Add,memory-swap,and,memory-swappiness,support,to,v3,since,it,was,available,in,v2,kind/feature
#7593,Implement,Docker,isolation,for,multiple,users,kind/bug,stale
#7591,Disable,interactivity,of,up,command,kind/feature
#7585,Attach,to,an,already,running,container,via,service.,kind/feature
#7577,Docker,Compose,with,volume,stuck,on,"compose.parallel.feed_queue:,Pending:,set()",kind/bug
#7566,config,and,secret,variable,expansion,kind/feature
#7562,Your,kernel,or,machine,may,not,be,supported,kind/feature
#7558,the,use,of,docker,in,different,os,kind/question
#7555,Builds,are,generating,different,layer,ID,compared,to,`docker,build`,kind/bug
#7544,RUN,sudo,passwd,alice,without,key,any,word,kind/question
#7542,docker-compose,over,SSH,returns,ChannelException(2,,'Connect,failed'),kind/bug
#7529,docker-compose,cannot,be,run,against,docker-in-docker,kind/bug
#7517,Please,add,"docker-compose,config,--images",to,list,the,images,in,the,docker-compose.yml,file.,kind/feature
#7500,docker-compose,down,only,partially,brings,down,stack,and,then,stall
#7495,`docker-compose,up`,fails,in,WSL,2,environment,kind/bug
#7494,Add,plugin,system,kind/feature
#7493,Allow,using,wildcards,in,Docker-Compose,network,>,aliases,kind/feature
#7489,[compose-in-a-container],Setup,volume,mounts,based,on,-f,,--file,argument,for,compose,in,a,container.,kind/feature
#7482,up,-d,command,halts,/,freezes,for,long,running,applications,kind/bug
#7481,docker-run,+,--use-aliases,behaviour,kind/feature
#7474,append,additional,hostname,alias,to,existing,container,kind/feature
#7472,Please,support,ARM64,binary,downloads,kind/bug
#7463,Completion,in,a,separate,repo,kind/feature
#7460,DOCKER_CONTEXT,on,`.env`,file,kind/feature
#7454,"Conflict.,The,container,name,is,already,in,use,by,container",-,running,on,host,vs,inside,container,kind/bug
#7450,At,case,command,set,"/bin/bash,-c",in,docker-compose.yml,,container,stops,instantaneously,in,spite,of,tty:,true.,kind/bug
#7444,`up`,does,not,re-use,anonymous,volume,even,without,`--renew-anon-volumes`,given,kind/bug
#7443,Support,of,Kompose,to,be,able,to,deploy,to,virtually,any,orchestration,engine,kind/feature
#7439,Add,--compress,option,to,docker-compose,up,kind/feature
#7437,Option,on,`docker-compose,up`,to,do,a,pull,even,if,it,already,exists,kind/feature
#7436,Source,secret,file,needs,world,readable,permission,kind/bug
#7434,Context,not,found,when,given,on,docker-compose,CLI,kind/bug
#7431,[RFC],deprecate,push,--ignore-push-failures,and,implement,--skip-missing,or,--ignore-missing,kind/feature
#7429,Docker-compose,push,skips,second,service,if,first,has,same,image,but,no,build,section,kind/bug
#7427,Docker,compose,doesn't,use,current,`docker,context`,settings.,kind/bug
#7423,docker-compose,does,not,set,environment,variables,kind/bug
#7408,docker-compose,logs,no,output,if,using,log-driver,kind/bug
#7405,Ubuntu,20.04,I,can,not,connect,ports,after,VMware,suspend,kind/bug
#7402,Hierarchical,resolution,of,environment,files,kind/feature
#7400,May,I,translate,this,project,into,Korean?,kind/feature
#7398,Generating,package-lock.json,for,production,branch,with,mounted,volumes,during,build,kind/feature
#7397,docker-compose,up,fails,with,symlinked,Dockerfile,kind/bug
#7394,Run,docker-compose,pull,on,specific,yml,files,kind/feature
#7392,Support,`runtime`,parameter,in,3.x,schema,kind/feature
#7391,Add,--quiet-pull,to,docker-compose,run,kind/feature
#7373,docker-compose,just,hangs,,no,respons
#7370,Pre-built,binary,for,aarch64?,kind/feature
#7368,docker-compose,run,on,the,openwrt,routing,system,kind/feature
#7355,Backport,ports,long,syntax,to,file,format,2,kind/feature
#7352,Request:,handle,quotation,marks,in,.env,files,similar,to,other,.env,parsers,kind/feature
#7348,docker-compose,1.26.0-rc3,from,Docker,Desktop,for,macOS,doesn't,use,TLS,("Client,sent,an,HTTP,request,to,an,HTTPS,server."),kind/bug
#7347,docker-compose,1.26.0rc3,installed,from,pip,fails,with,"No,module,named,'dotenv'",kind/bug
#7346,Why,does,docker-compose,log,to,STDERR,for,`Building,....`,instead,of,STDOUT,when,executing,docker-compose,build,kind/bug
#7343,Build,same,images,only,once,,even,they,are,used,in,multiple,services,kind/feature
#7341,docker-compose,up,should,support,--tail,option,kind/feature
#7339,Should,not,log,a,warning,when,environment,variable,value,is,specified,in,override,file,kind/bug
#7337,Error,message,on,exec-ing,a,container,that,doesn't,exist,should,honor,container_name,kind/feature
#7326,Support,multiple,.evn,files,kind/feature
#7323,Support,`extra_hosts`,in,`_CLIBuilder`,kind/feature
#7320,--renew-named-volumes,option,on,`up`,to,reinitialize,data,kind/feature
#7319,Failed,to,execute,script,docker-compose,when,doing,docker-compose,up,on,SSH,context,kind/bug
#7318,Passing,secret,into,environment,variable,kind/feature
#7314,The,Dockerfile,could,not,find,the,docker-compose,volume,file,kind/bug
#7307,Enable,resource,limits,in,non-swarm,environments,kind/feature
#7306,docker-compose,exec:,the,input,device,is,not,a,TTY,kind/bug
#7304,Environment,Setting,Unicode,+,become,\u002,kind/bug
#7302,Using,.env,behaves,differently,than,env_file,in,compose,file?,kind/bug
#7297,Add,DOCKER_COMPOSE_LOG_LEVEL,env,kind/feature
#7295,Docker,Run,Error,kind/bug,stale
#7292,Support,podman,as,a,backend,kind/feature
#7289,Allow,specifying,the,name,of,the,docker-compose,environment,file,other,than,`.env
#7277,no,matching,entries,in,group,file,kind/bug
#7273,Windows,docker,fails,to,use,build,function,of,docker-compose,kind/bug
#7272,I,cannot,connect,to,a,PostgreSQL,database,in,a,docker,container,kind/question,stale
#7262,docker-compose,ups,a,bad,build,target,with,multiple,compose,files,kind/bug
#7258,`docker-compose,pull`,NOT,failing,if,a,service,image,is,not,found,(and,includes,both,image,and,build),kind/bug
#7256,Environment,variable,expansion:,environment,variable,in,default,fails,kind/bug
#7253,have,a,permanent,link,for,the,latest,version,such,as:,https://github.com/docker/compose/releases/download/latest/,kind/feature
#7252,Dockerfile,parsing,error,when,using,mount,flag,kind/bug
#7248,Save,running,containers,as,a,compose,file,kind/feature
#7239,Accept,Circular,dependency,between,containers,kind/feature
#7230,Abort,on,non-zero,exit,code,kind/feature
#7227,Error:,for,web-dev,UnixHTTPConnectionPool(Host='localhost',,Port=None):,Read,timed,out.,kind/bug
#7215,Volumes,for,other,service,fail,service,to,start,kind/enhancement
#7203,Allow,turning,off,error,checking,in,the,config,command,kind/feature
#7201,Validate,compose,file,on,supported,API,,not,version,area/config,format/v2,format/v3,kind/feature
#7200,[RfC],generalize,support,for,custom,extensions,kind/feature
#7193,Allow,Docker,"label"s,to,be,modeled,as,yaml,objects,kind/feature
#7188,Port,conflict,with,multiple,"host:<port,range>:port",services,kind/bug
#7184,docker-compose,1.25.1,buildkit,support,and,--ssh,option,kind/question
#7158,Add,backup/restore,commands,kind/feature
#7157,Ephemeral,deployments,kind/feature
#7147,docker-compose,up,brings,up,extra,containers,which,docker-compose,down,doesn't,remove,kind/bug,status/0-triage
#7146,Unable,to,configure,HTTPS,endpoint.,No,server,certificate,was,specified,,and,the,default,developer,certificate,could,not,be,found,kind/question,status/0-triage
#7137,map,docker,engine,API,to,actual,needs,,not,compose,file,version,kind/feature
#7130,CPU,pinning,not,possible,with,v3,compose,kind/enhancement,kind/feature
#7127,Problem,using,ignore-pull-failures,kind/bug
#7112,Dockerfile,become,truncated,in,certain,circumstances,kind/bug
#7102,Support,${parameter:+word},style,variable,substitution,kind/feature
#7095,[Question|Feature,Request],Dockerfile,inside,docker-compose.yml,kind/feature
#7083,Make,`--env-file`,a,repeatable,option,kind/feature
#7082,Proposal:,use,docker,CLI,dial-stdio,to,access,docker,engine,kind/feature
#7078,Proposal:,rely,on,docker,CLI,kind/epic
#7051,Raspberry,crashes,on,docker-compose,up,kind/bug
#7036,Compose,build,hangs,instead,of,giving,error,message,in,case,of,uppercase,image,name.,kind/bug,status/0-triage
#7025,Enable,ssh,option,as,build,parameter,for,buildkit,kind/feature,status/0-triage
#7011,Avoid,use,of,__file__,kind/cleanup,status/0-triage
#7004,Ending,slash,in,container,path,volume,handling,is,buggy,kind/bug,status/0-triage
#7001,Support,bracket,notation,for,IPv6,port,mappings,kind/feature,status/0-triage
#6997,Ability,to,exlude,certain,files,and,subfolders,from,being,mounted/synced.,kind/feature,status/0-triage
#6995,Do,not,autostart,specific,services,kind/feature,status/0-triage
#6977,Why,is,the,last,one,to,create,a,folder,when,creating,a,volume?,kind/feature
#6975,Volume,mounted,inside,another,sometimes,disappears,after,file,change,kind/bug,status/0-triage
#6968,docker-compose,rm,-v,says,'No,stopped,containers',when,that,isn't,true,kind/bug,status/0-triage
#6958,Using,`${foo:?Error}`,construct,is,expanded,at,too,early.,kind/bug,status/0-triage
#6951,.env,file,whit,variable,with,whitespace,kind/question,status/0-triage
#6939,docker-compose-up,fails,to,fetch,remote,images,status/0-triage
#6935,compose,breaks,network,on,arm,only,area/networking,kind/bug,status/0-triage
#6931,[Feature,Request],Better,handling,of,entropy,on,VP
#6910,docker-compose,ps,should,show,port,ranges,as,docker,ps,doe
#6904,[Bug/Security],Wrong,volume,mounted,if,only,a,dash,differs,in,project,name
#6902,docker-compose,config,throws,traceback,if,interval,is,a,string,without,a,suitable,suffix
#6879,Unable,to,build,for,arm32,and,arm64,(1.24.1
#6867,docker-compose,ps,should,show,uptime,kind/enhancement
#6855,Feature,Request:,Init,Containers,for,Docker,Compos
#6851,Ability,to,show,only,container,logs,without,container,name,with,`docker-compose,logs`,kind/feature
#6831,Release,docker/compose,image,for,armv7,/,arm64v8,kind/feature
#6829,An,iterator,available,in,docker-compose?,kind/feature
#6822,Network,priority,ignored,for,external,networks,kind/bug
#6817,docker-compose,overshoots,requested,scale,kind/bug
#6782,docker-compose,up,-d,with,a,volume,causes,compose.parallel.feed_queue:,Pending:,set(),endless,loo
#6762,Feature:,Detach,after,blocking,for,minimum,delay,until,assumed,stable,kind/feature
#6757,Add,new,label,com.docker.compose.projectfolder,kind/feature
#6753,want,ports,long,syntax,support,species,IP,address,like,short,syntax,kind/feature
#6749,Building,containers,in,parallel,to,speed,up,performance?,kind/feature
#6748,Is,it,possible,to,let,env_file,config,supports,load,from,url,?,kind/feature
#6743,Add,support,for,non-service,container,kind/feature
#6741,Feature,Request:,option,to,disable,reading,from,.env,kind/feature
#6736,Hooks,to,run,scripts,on,host,before,starting,any,containers,kind/feature,status/0-triage
#6735,Expose,use_network_aliases,flag,through,compose,config,fil
#6684,Feature,Request:,present,environment,variable,COMPOSER_OPTS,kind/feature
#6658,[Feature,Request],Use,variables,within,env,fil
#6611,Proposal:,add,Docker,save,and,load,commands,area/cli,kind/feature
#6569,Support,IPAM,gateway,in,version,3.x,kind/enhancement,status/0-triage
#6554,up,to,create,a,subset,of,services,kind/feature
#6533,Compose,treats,empty,labels,different,than,stack,deploy,format/v3,kind/bug
#6527,`logs`,encoding,is,incorrec
#6522,Implement,condition,or,wait,command,to,start,service,when,other,stop,format/v3,kind/feature,status/0-triage
#6510,Add,support,for,docker,--squash,kind/feature
#6470,Add,bind,mount,exclusion,to,prevent,overwriting,generated,files,with,local,files,kind/feature
#6443,Allow,running,up,without,binding,on,ports
#6438,Tag,based,filtering,kind/feature
#6414,Add,--net,to,docker-compose,run,area/run,kind/feature
#6408,Add,`verify`,command,area/events,kind/feature,kind/question
#6358,Support,for,docker,build,--secret,for,build-time,docker,secrets.,area/build,kind/feature,status/0-triage
#6264,Top-level/standalone,image,build,specification,area/build,area/config,kind/feature,kind/question
#6180,bridge,DNS,does,not,work,when,referencing,a,service,alias,as,dns,area/networking,kind/question
#6159,Add,labels,in,docker-compose,up,area/up,kind/feature
#6026,Feature,Request:,Provide,--quiet,option,to,'up',command,area/up,kind/feature
#5842,docker-compose,fails,with,invalid,volume,specificatio
#5730,add,--timestamps,option,for,"up",command,area/cli,area/up,kind/feature
#5613,Docker,Compose,does,not,support,defining,port,ranges,in,long,form.,area/config,format/v3,kind/question
#5523,docker-compose,copy,file,or,directory,to,container,kind/feature,status/0-triage
#5477,add,env_blueprint_file,feature,area/config,kind/feature
#5388,Support,the,"consistency",option,in,long,syntax,format,for,volumes,area/volumes,kind/feature,kind/parity
#5288,Feature,Request:,list,all,local,images,with,docker-compose,,even,without,container
#5124,Sequential,restart,when,using,`docker-compose,up`,with,scale,area/scale,kind/feature
#5102,Configure,merge,behavior,for,configuration,keys,area/config,kind/epic,kind/feature
#4980,Add,--json,option,and,send,progress,for,non-TTY,area/logs,kind/feature
#4787,Docker,Compose,not,using,trusted,conent,during,pull,kind/feature
#4579,Using,scale,number,to,adjust,mounted,volumes?,kind/feature
#4577,docker-compose,ps,show,configuration,update,status,kind/feature
#4560,key,sequence,to,detach,from,`docker-compose,up`,kind/feature
#4548,docker-compose,run,fails,for,running,network_mode=host,service
#4249,Allow,an,environment,variable,to,be,used,for,an,array,field,(e.g.,devices:),area/config,kind/feature
#4246,Outgoing,network,firewall,configuration,kind/feature
#4241,Feature,request:,add,support,for,starting,container,from,checkpoint,kind/enhancement,status/0-triage
#4176,Filter,services,by,labels,(Feature),area/cli,kind/feature
#4133,Add,--exclude,to,docker-compose,up,kind/feature
#4096,Proposal:,exec,shortcuts,area/run,kind/feature
#4047,docker-compose,terminates,if,build,directory,is,missin
#3927,UnixHTTPConnectionPool(host='localhost',,port=None):,Read,timed,out.,(read,timeout=60
#3909,abort-on-container-exit,not,working,if,a,service,is,given,kind/question
#3896,Docker-compose,up,exiting,with,code,
#3874,When,using,multiple,docker-compose.yml,files,from,different,directories,,local,paths,are,not,followed,correctly.,kind/enhancement,status/0-triage
#3849,docker-compose,.env,file,not,support,dynamic,values,kind/feature
#3729,allow,removing,something,in,docker-compose.override.ym
#3715,driver_opts,should,support,the,same,commands,as,docker,volume,create,--op
#3660,Docker,compose,pull,doesn't,respect,local,images,kind/question
#3608,Undefined,default,build,arg,is,sent,as,empty,string,to,docker,build,,instead,of,not,sent,area/config,kind/enhancement
#3593,Support,`cp',sub,command,area/cli,kind/feature,status/0-triage
#3541,compose,control,network,domain,name,kind/feature,status/0-triage
#3513,pull,requires,valid,build,path,area/build,area/config,kind/question
#3480,Releases,,code,should,be,digitally,signed,area/packaging,kind/enhancement,status/0-triage
#3476,Allow,mixing,of,the,default,bridge,with,other,networks,area/networking
#2999,docker-compose,host-ip,value,should,defaults,to,the,--ip,value,of,docker,daemon,area/config,kind/bug
#2957,Define,host,volumes,in,the,`volumes`,section,of,the,Compose,file,area/config,kind/enhancement
#2945,compose,checks,that,the,build,context,folders,exist,even,when,not,needed,status/0-triage
#2925,Service,can't,be,reached,by,defined,hostname,area/networking,kind/enhancement
#2545,Proposal:,support,for,args_file,area/config,kind/feature,status/0-triage
#2369,docker-compose,ps,enhancements,area/cli,kind/feature
#2294,1.5,-,Make,COMPOSE_PROJECT_NAME,accessible,to,environment,area/networking,kind/enhancement
#2235,Provide,RPM,and,DEB,packages,for,compose,area/packaging,status/0-triage
#2057,Add,command,to,list,project,status,kind/feature
#1910,Stable,Compose,/,Swarm,integration,kind/epic,swarm
#1516,Proposal:,Stop,using,sequential,container,numbers,area/scale,kind/feature
#1234,Proposal:,Support,for,affinity,filter,in,Docker,Swarm,area/up,kind/feature,swarm
#1209,Add,support,for,pointing,to,tarball,contexts,in,the,'build',parameter.,area/build,kind/enhancement
#1203,docker-compose,dry,run,kind/enhancement
#1197,Feature,Request:,docker-compose,stats,kind/feature
#963,Don't,build,the,same,thing,twice,area/build,kind/feature
#745,Proposal:,make,project-name,persistent.,kind/feature,status/0-triage
#318,feature:,including,external,docker-compose.yml,kind/enhancement,status/0-triage
#229,Switch,to,using,hyphens,as,a,separator,in,hostname
#184,Watch,code,and,automatically,rebuild,when,something,changes,kind/enhancement,status/0-triage
